Base Query,Rewritten 1,Rewritten 2,Rewritten 3,Điều,Chương,Trả lời
"Phạm vi điều chỉnh của luật này bao gồm những hoạt động gì để bảo vệ an ninh quốc gia và bảo đảm trật tự, an toàn xã hội trên không gian mạng?","Luật này điều chỉnh những hoạt động nào để bảo vệ an ninh quốc gia và giữ gìn trật tự, an toàn xã hội trên mạng?",Những quy định trong luật này áp dụng cho các hoạt động nào nhằm đảm bảo an ninh quốc gia và trật tự xã hội trong không gian mạng?,Các hoạt động nào được quy định trong luật này để duy trì an ninh quốc gia và trật tự xã hội trên không gian mạng?,1,1,"Luật này quy định các hoạt động liên quan đến việc bảo vệ an ninh quốc gia và duy trì trật tự, an toàn xã hội trên không gian mạng, bao gồm các biện pháp bảo vệ dữ liệu, đảm bảo an ninh mạng, và ngăn chặn các hành vi xâm phạm lợi ích quốc gia trên mạng."
An ninh mạng là gì?,An ninh mạng được hiểu như thế nào?,Làm sao để bảo đảm an toàn khi tham gia không gian mạng?,Hoạt động trên mạng cần tuân thủ những yếu tố an toàn nào?,2,1,"An ninh mạng là sự bảo đảm hoạt động trên không gian mạng không gây phương hại đến an ninh quốc gia, trật tự, an toàn xã hội, quyền và lợi ích hợp pháp của cơ quan, tổ chức, cá nhân."
Bảo vệ an ninh mạng bao gồm những hoạt động gì?,Những biện pháp nào giúp giữ an toàn cho không gian mạng?,Làm thế nào để ngăn chặn các mối đe dọa trên mạng?,Có những hoạt động nào nhằm bảo vệ an ninh trên không gian mạng?,2,1,"Bảo vệ an ninh mạng là việc phòng ngừa, phát hiện, ngăn chặn và xử lý các hành vi xâm phạm an ninh mạng."
Không gian mạng được hiểu như thế nào?,Không gian mạng bao gồm những gì?,Làm sao để mô tả một mạng lưới kết nối thông tin toàn cầu?,Những yếu tố nào cấu thành không gian mạng?,2,1,"Không gian mạng là mạng lưới kết nối của cơ sở hạ tầng công nghệ thông tin, bao gồm mạng viễn thông, mạng Internet, mạng máy tính, hệ thống thông tin, cơ sở dữ liệu; là nơi con người thực hiện các hành vi xã hội không bị giới hạn bởi không gian và thời gian."
Không gian mạng quốc gia khác gì không gian mạng?,Ai chịu trách nhiệm quản lý không gian mạng của một quốc gia?,Không gian mạng thuộc phạm vi quốc gia được tổ chức ra sao?,Chính phủ có vai trò gì trong việc kiểm soát không gian mạng?,2,1,"Không gian mạng quốc gia là không gian mạng do Chính phủ xác lập, quản lý và kiểm soát."
Cơ sở hạ tầng không gian mạng quốc gia gồm những gì?,Những yếu tố nào đảm bảo hoạt động của mạng quốc gia?,Hệ thống hạ tầng để duy trì không gian mạng quốc gia bao gồm những thành phần nào?,Để duy trì không gian mạng quốc gia cần có những cơ sở gì?,2,1,"Cơ sở hạ tầng không gian mạng quốc gia gồm:

Hệ thống truyền dẫn: Truyền dẫn quốc gia, kết nối quốc tế, hệ thống vệ tinh.
Hệ thống dịch vụ lõi: DNS, PKI/CA, hệ thống phân luồng, truy cập Internet.
Dịch vụ, ứng dụng CNTT: Chính phủ điện tử, thương mại điện tử, mạng xã hội, blog.
Hạ tầng CNTT khác: Đô thị thông minh, Internet vạn vật, điện toán đám mây, trí tuệ nhân tạo."
Cổng kết nối mạng quốc tế đóng vai trò gì?,Làm sao để mạng trong nước kết nối với mạng quốc tế?,Điểm chuyển giao dữ liệu giữa các quốc gia gọi là gì?,Hoạt động trao đổi tín hiệu mạng giữa Việt Nam và nước ngoài diễn ra ở đâu?,2,1,"Cổng kết nối mạng quốc tế là nơi diễn ra hoạt động chuyển nhận tín hiệu mạng giữa Việt Nam và các quốc gia, vùng lãnh thổ khác."
Thế nào là tội phạm mạng?,Hành vi nào bị coi là vi phạm nghiêm trọng trên không gian mạng?,Sử dụng mạng để phạm pháp được gọi là gì?,Tội phạm trên Internet bao gồm những hành vi gì?,2,1,"Tội phạm mạng là hành vi sử dụng không gian mạng, công nghệ thông tin hoặc phương tiện điện tử để thực hiện hành vi vi phạm pháp luật hình sự."
Khi nào một hành động bị coi là tấn công mạng?,Hành vi phá hoại hệ thống mạng được gọi là gì?,Làm thế nào để phân biệt tấn công mạng với các hành vi khác?,Hành vi nào gây gián đoạn hoạt động của hệ thống thông tin?,2,1,"Tấn công mạng là hành vi sử dụng không gian mạng để phá hoại, gây gián đoạn hoạt động của mạng viễn thông, Internet, mạng máy tính, hệ thống thông tin, hoặc cơ sở dữ liệu."
Khủng bố mạng khác gì tấn công mạng?,Hành vi nào trên mạng gây hậu quả nghiêm trọng về an ninh?,Khủng bố trên không gian mạng được thực hiện như thế nào?,Có sự khác biệt gì giữa tấn công mạng và khủng bố mạng?,2,1,"Khủng bố mạng là việc sử dụng không gian mạng, công nghệ thông tin hoặc phương tiện điện tử để thực hiện hành vi khủng bố hoặc tài trợ khủng bố."
Gián điệp mạng là gì?,Hành vi chiếm đoạt thông tin trái phép trên mạng được gọi là gì?,Làm sao kẻ gian có thể vượt qua bảo mật mạng?,Truy cập trái phép vào dữ liệu cá nhân có phải là gián điệp mạng không?,2,1,"Gián điệp mạng là hành vi cố ý vượt qua cảnh báo, mã truy cập, mật khẩu, tường lửa hoặc sử dụng quyền quản trị của người khác để chiếm đoạt, thu thập trái phép thông tin."
Tài khoản số có ý nghĩa gì?,Thông tin để đăng nhập vào các ứng dụng trên mạng được gọi là gì?,Làm sao để xác minh người dùng trên mạng?,Tài khoản dùng cho mạng xã hội và dịch vụ trực tuyến là gì?,2,1,"Tài khoản số là thông tin dùng để chứng thực, xác thực và phân quyền sử dụng các dịch vụ trên không gian mạng."
Thế nào là nguy cơ đe dọa an ninh mạng?,Dấu hiệu nào cho thấy an ninh mạng bị đe dọa?,Điều gì làm tổn hại đến trật tự và an toàn trên mạng?,Nguy cơ nào làm xâm phạm quyền lợi cá nhân trên mạng?,2,1,"Nguy cơ đe dọa an ninh mạng là tình trạng không gian mạng xuất hiện dấu hiệu xâm phạm an ninh quốc gia, trật tự, an toàn xã hội hoặc quyền và lợi ích hợp pháp của cơ quan, tổ chức, cá nhân."
Khi nào xảy ra sự cố an ninh mạng?,Điều gì được coi là sự cố trong không gian mạng?,Sự kiện nào gây ảnh hưởng bất ngờ đến an ninh mạng?,Khi nào hoạt động mạng bị xâm phạm?,2,1,"Sự cố an ninh mạng là sự việc bất ngờ xảy ra trên không gian mạng gây xâm phạm an ninh quốc gia, trật tự xã hội hoặc quyền lợi hợp pháp của tổ chức, cá nhân."
Tình huống nguy hiểm về an ninh mạng xảy ra khi nào?,Khi nào sự xâm phạm mạng trở nên đặc biệt nghiêm trọng?,Dấu hiệu nào cho thấy nguy cơ an ninh mạng đang ở mức cao?,Điều gì làm tình hình an ninh mạng trở nên nguy hiểm?,2,1,"Tình huống nguy hiểm về an ninh mạng là sự việc xảy ra trên không gian mạng khi có hành vi xâm phạm nghiêm trọng an ninh quốc gia, gây tổn hại đặc biệt đến trật tự, an toàn xã hội hoặc quyền và lợi ích hợp pháp của tổ chức, cá nhân."
"Khi tham gia giao thông, người dân cần tuân thủ những quy định gì?",Người tham gia giao thông phải tuân theo quy định nào?,"Khi tham gia giao thông đường bộ, người dân cần chấp hành điều gì?",Có những quy định nào người đi đường cần tuân thủ?,3,1,"Người tham gia giao thông đường bộ phải chấp hành các quy định của pháp luật về trật tự, an toàn giao thông và các quy định pháp luật liên quan, đồng thời có trách nhiệm giữ an toàn cho bản thân và người khác."
"Bảo đảm trật tự, an toàn giao thông đường bộ là trách nhiệm của ai?","Ai chịu trách nhiệm giữ gìn trật tự, an toàn giao thông?",Bảo đảm an toàn giao thông thuộc trách nhiệm của cá nhân hay tổ chức nào?,Trách nhiệm về an toàn giao thông thuộc về ai?,3,1,"Bảo đảm trật tự, an toàn giao thông đường bộ là trách nhiệm của cơ quan, tổ chức và cá nhân."
Vi phạm an toàn giao thông đường bộ sẽ bị xử lý như thế nào?,Hành vi vi phạm giao thông bị xử lý ra sao?,"Nếu vi phạm giao thông, người vi phạm sẽ bị xử lý thế nào?",Có biện pháp nào xử lý các hành vi vi phạm an toàn giao thông?,3,1,"Mọi hành vi vi phạm pháp luật về trật tự, an toàn giao thông đường bộ đều phải được phát hiện, ngăn chặn kịp thời và xử lý nghiêm minh theo quy định."
"Việc bảo đảm trật tự, an toàn giao thông đường bộ cần đáp ứng nguyên tắc gì?",Những nguyên tắc nào cần tuân thủ khi đảm bảo an toàn giao thông?,Đảm bảo an toàn giao thông phải tuân theo các nguyên tắc nào?,Khi thực hiện công tác an toàn giao thông cần lưu ý những gì?,3,1,"Hoạt động bảo đảm trật tự, an toàn giao thông phải công khai, minh bạch, thuận lợi cho người dân và phù hợp với chức năng, nhiệm vụ của các bên liên quan."
"Hoạt động bảo đảm trật tự, an toàn giao thông được thực hiện như thế nào?",Cách thức thực hiện công tác bảo đảm an toàn giao thông ra sao?,Công tác an toàn giao thông cần phối hợp như thế nào?,Việc duy trì an toàn giao thông được tổ chức thế nào?,3,1,"Hoạt động bảo đảm trật tự, an toàn giao thông được thực hiện thống nhất, trên cơ sở phân công, phân cấp, phù hợp với chức năng, nhiệm vụ và có sự phối hợp chặt chẽ giữa các cơ quan, tổ chức, cá nhân."
Vì sao việc bảo đảm giao thông đường bộ lại quan trọng?,Tại sao cần chú trọng bảo đảm an toàn giao thông?,Đảm bảo trật tự giao thông mang lại lợi ích gì?,Ý nghĩa của việc giữ gìn an toàn giao thông là gì?,3,1,"Việc bảo đảm giao thông đường bộ giúp phát triển kinh tế - xã hội, đảm bảo quốc phòng, an ninh, bảo vệ môi trường, phòng ngừa tai nạn và bảo vệ tính mạng, tài sản của người dân và tổ chức."
Công dân cần tuân thủ những quy định nào khi tham gia giao thông?,Người dân phải làm gì để bảo đảm an toàn khi tham gia giao thông?,Có quy định gì bắt buộc cho người tham gia giao thông?,Người đi đường cần tuân theo các quy tắc nào?,3,1,"Công dân cần tuân thủ Hiến pháp, pháp luật Việt Nam và các điều ước quốc tế mà Việt Nam là thành viên khi tham gia giao thông."
"Nhà nước hỗ trợ gì cho lực lượng đảm bảo trật tự, an toàn giao thông?",Lực lượng trực tiếp giữ gìn an toàn giao thông được Nhà nước hỗ trợ ra sao?,Nhà nước đầu tư như thế nào cho lực lượng đảm bảo an toàn giao thông?,Có chính sách gì giúp nâng cao năng lực cho lực lượng an toàn giao thông?,4,1,"Nhà nước đảm bảo ngân sách, cơ sở vật chất, phương tiện hiện đại và các điều kiện để nâng cao năng lực cho lực lượng trực tiếp bảo đảm trật tự, an toàn giao thông. Đồng thời, sử dụng nguồn thu từ xử phạt và đấu giá biển số xe để tăng cường cơ sở vật chất."
Nhà nước làm gì để hiện đại hoá hệ thống giao thông?,Hệ thống giao thông được hiện đại hóa bằng những biện pháp nào?,Nhà nước có biện pháp gì để nâng cấp các trung tâm chỉ huy giao thông?,Việc hiện đại hóa giao thông được Nhà nước thực hiện ra sao?,4,1,"Nhà nước hiện đại hoá các trung tâm chỉ huy giao thông, đảm bảo kết nối, chia sẻ cơ sở dữ liệu về trật tự, an toàn giao thông giữa các cơ quan liên quan."
"Làm thế nào để khuyến khích tổ chức, cá nhân tham gia đảm bảo an toàn giao thông?",Nhà nước khuyến khích người dân và tổ chức hỗ trợ an toàn giao thông như thế nào?,"Làm sao để cơ quan, cá nhân cùng tham gia giữ gìn trật tự giao thông?","Làm sao để cơ quan, cá nhân cùng tham gia giữ gìn trật tự giao thông?",4,1,"Nhà nước tạo điều kiện cho cơ quan, tổ chức, cá nhân nghiên cứu, chuyển giao công nghệ, đầu tư thiết bị giám sát và khuyến khích tham gia tự nguyện vào công tác bảo đảm an toàn giao thông."
Những đối tượng nào được tạo điều kiện khi tham gia giao thông?,Nhà nước hỗ trợ đối tượng nào khi tham gia giao thông?,Ai được ưu tiên khi tham gia giao thông đường bộ?,Những người nào được tạo điều kiện an toàn khi tham gia giao thông?,4,1,"Nhà nước bảo đảm công bằng, an toàn cho người tham gia giao thông, tạo thuận lợi cho trẻ em, phụ nữ mang thai, người già yếu và người khuyết tật."
Có chính sách gì để giáo dục ý thức tham gia giao thông cho trẻ em?,Nhà nước làm gì để dạy trẻ em về an toàn giao thông?,Trẻ em được giáo dục giao thông như thế nào?,Có chương trình nào giúp học sinh nâng cao ý thức khi tham gia giao thông?,4,1,"Nhà nước xây dựng văn hóa giao thông, giáo dục pháp luật về giao thông cho trẻ em và học sinh để nâng cao ý thức tự bảo vệ bản thân."
Những ai được khen thưởng hoặc hỗ trợ khi tham gia đảm bảo an toàn giao thông?,Ai được hưởng chế độ khi hỗ trợ công tác an toàn giao thông?,Nhà nước hỗ trợ thế nào với người giúp đỡ công tác giao thông?,Có chính sách khen thưởng nào cho người tham gia đảm bảo trật tự giao thông?,4,1,"Cơ quan, tổ chức, cá nhân hỗ trợ đảm bảo an toàn giao thông và có thành tích được khen thưởng; nếu bị thiệt hại tài sản hoặc tổn hại sức khỏe sẽ được đền bù và hưởng chế độ theo quy định."
Nhà nước có biện pháp gì để hạn chế phương tiện cá nhân?,Làm thế nào để giảm số lượng xe cá nhân tại các thành phố lớn?,Nhà nước hạn chế phương tiện giao thông cá nhân ra sao?,Có giải pháp nào nhằm hạn chế sử dụng xe cá nhân?,4,1,"Nhà nước ưu tiên phát triển giao thông công cộng, hạn chế phương tiện cá nhân tại đô thị lớn và khuyến khích chuyển sang sử dụng phương tiện xanh, thân thiện môi trường."
Nhà nước phát triển phương tiện giao thông theo hướng nào?,Xu hướng phát triển giao thông của Nhà nước là gì?,Phương tiện giao thông được phát triển theo tiêu chí nào?,Nhà nước ưu tiên loại phương tiện nào trong tương lai?,4,1,"Nhà nước phát triển phương tiện giao thông đồng bộ với hạ tầng, ưu tiên xe điện, phương tiện năng lượng xanh, đảm bảo an toàn và phù hợp với công nghệ hiện đại."
Ai là người chịu trách nhiệm tuyên truyền pháp luật về an toàn giao thông?,"Những cơ quan, tổ chức nào tham gia phổ biến luật giao thông?",Ai có trách nhiệm trong việc tuyên truyền an toàn giao thông?,Việc tuyên truyền luật giao thông được giao cho ai phụ trách?,5,1,"Cơ quan quản lý nhà nước về trật tự, an toàn giao thông chủ trì, phối hợp với các cơ quan, tổ chức, cá nhân liên quan. Đồng thời, cơ quan thông tin, truyền thông, Mặt trận Tổ quốc Việt Nam và các tổ chức thành viên, đơn vị lực lượng vũ trang, cơ sở giáo dục và chính quyền địa phương đều có trách nhiệm tuyên truyền."
"Cơ quan thông tin, truyền thông đóng vai trò gì trong việc phổ biến luật giao thông?",Truyền thông có nhiệm vụ gì trong việc tuyên truyền an toàn giao thông?,Cơ quan thông tin đại chúng tham gia thế nào trong việc phổ biến luật giao thông?,Vai trò của truyền thông trong việc nâng cao ý thức giao thông là gì?,5,1,"Cơ quan thông tin, truyền thông có trách nhiệm tổ chức tuyên truyền pháp luật về an toàn giao thông trên các phương tiện thông tin đại chúng."
Mặt trận Tổ quốc Việt Nam tham gia tuyên truyền an toàn giao thông như thế nào?,Mặt trận Tổ quốc có trách nhiệm gì trong việc phổ biến luật giao thông?,Vai trò của Mặt trận Tổ quốc trong công tác tuyên truyền an toàn giao thông là gì?,Mặt trận Tổ quốc phối hợp ra sao trong việc tuyên truyền giao thông an toàn?,5,1,"Mặt trận Tổ quốc Việt Nam và các tổ chức thành viên phối hợp với cơ quan hữu quan, chính quyền địa phương để tuyên truyền, vận động nhân dân chấp hành pháp luật về an toàn giao thông."
Đơn vị lực lượng vũ trang và cơ sở giáo dục có trách nhiệm gì trong tuyên truyền giao thông?,Lực lượng vũ trang và nhà trường có nhiệm vụ gì với việc giáo dục an toàn giao thông?,"Trách nhiệm của quân đội, công an và cơ sở giáo dục trong việc phổ biến luật giao thông là gì?",Các tổ chức giáo dục và lực lượng vũ trang tham gia tuyên truyền giao thông ra sao?,5,1,"Đơn vị lực lượng vũ trang, cơ quan, tổ chức và cơ sở giáo dục có trách nhiệm tuyên truyền, phổ biến pháp luật về an toàn giao thông cho các đối tượng thuộc phạm vi quản lý."
Gia đình có vai trò gì trong việc giáo dục an toàn giao thông?,Thành viên gia đình nên làm gì để nhắc nhở nhau tuân thủ luật giao thông?,Gia đình có trách nhiệm ra sao với việc chấp hành luật giao thông?,Vai trò của các thành viên trong gia đình trong việc giữ an toàn giao thông là gì?,5,1,"Các thành viên trong gia đình phải nhắc nhở nhau chấp hành pháp luật giao thông, sử dụng dây đai an toàn, ghế dành cho trẻ em hoặc có người lớn ngồi cùng trẻ dưới 6 tuổi khi đi xe máy, mô tô."
Những ai được tuyên truyền pháp luật về an toàn giao thông?,Đối tượng nào được phổ biến kiến thức về an toàn giao thông?,Ai là đối tượng chính trong các chương trình tuyên truyền giao thông?,Việc tuyên truyền luật giao thông hướng tới những ai?,5,1,Việc tuyên truyền được thực hiện rộng rãi cho mọi tầng lớp nhân dân và người nước ngoài sinh sống tại Việt Nam.
Ủy ban nhân dân các cấp có trách nhiệm gì trong việc tuyên truyền luật giao thông?,Chính quyền địa phương tham gia tuyên truyền an toàn giao thông thế nào?,Vai trò của Ủy ban nhân dân trong phổ biến luật giao thông là gì?,Ủy ban nhân dân các cấp có nhiệm vụ gì với việc nâng cao ý thức giao thông?,5,1,"Ủy ban nhân dân các cấp tổ chức tuyên truyền luật giao thông trong phạm vi nhiệm vụ, quyền hạn của mình, lựa chọn hình thức tuyên truyền phù hợp với từng đối tượng."
Ai là đối tượng được giáo dục kiến thức pháp luật về an toàn giao thông trong nhà trường?,Những đối tượng nào trong hệ thống giáo dục được học về an toàn giao thông?,"Ai được giáo dục pháp luật về trật tự, an toàn giao thông trong các cơ sở giáo dục?",Đối tượng nào trong trường học được trang bị kiến thức luật giao thông?,6,1,"Trẻ em mầm non, học sinh phổ thông và học sinh tại các cơ sở giáo dục nghề nghiệp đều được giáo dục kiến thức pháp luật về trật tự, an toàn giao thông."
Lực lượng Cảnh sát giao thông có nhiệm vụ gì trong việc giáo dục kỹ năng lái xe cho học sinh?,Vai trò của Cảnh sát giao thông trong việc hướng dẫn học sinh lái xe an toàn là gì?,Cảnh sát giao thông tham gia giáo dục giao thông cho học sinh như thế nào?,Ai chịu trách nhiệm tổ chức hướng dẫn lái xe an toàn cho học sinh?,6,1,"Lực lượng Cảnh sát giao thông chủ trì, phối hợp với các cơ sở giáo dục trung học phổ thông và giáo dục nghề nghiệp để hướng dẫn kỹ năng lái xe gắn máy an toàn cho học sinh."
Ai chịu trách nhiệm xây dựng chương trình giảng dạy kiến thức an toàn giao thông trong trường học?,Cơ quan nào xây dựng và lồng ghép kiến thức giao thông vào chương trình học?,Ai đảm nhận việc tích hợp giáo dục giao thông vào chương trình giảng dạy?,Đơn vị nào có trách nhiệm phát triển chương trình giảng dạy về an toàn giao thông?,6,1,"Bộ Giáo dục và Đào tạo, Bộ Lao động - Thương binh và Xã hội chủ trì, phối hợp với Bộ Công an và các cơ quan liên quan để xây dựng, lồng ghép kiến thức giao thông vào chương trình giảng dạy phù hợp với từng cấp học và ngành học."
"Cơ sở dữ liệu về trật tự, an toàn giao thông đường bộ bao gồm những thông tin gì?",Những loại dữ liệu nào được thu thập trong hệ thống giao thông đường bộ?,Thông tin nào được lưu trữ trong cơ sở dữ liệu an toàn giao thông?,Cơ sở dữ liệu giao thông đường bộ chứa những nội dung gì?,7,1,"Cơ sở dữ liệu về trật tự, an toàn giao thông đường bộ gồm:

Dữ liệu đăng ký, quản lý và đăng kiểm xe cơ giới, xe máy chuyên dùng.
Dữ liệu đào tạo, sát hạch, cấp giấy phép lái xe và chứng chỉ bồi dưỡng kiến thức pháp luật.
Thông tin về người điều khiển phương tiện, bảo hiểm xe, xử lý vi phạm hành chính.
Dữ liệu về tai nạn giao thông, hành trình phương tiện, hình ảnh người lái xe.
Dữ liệu quản lý thời gian lái xe và các dữ liệu khác liên quan."
Cơ sở dữ liệu giao thông đường bộ được kết nối với những hệ thống nào?,Hệ thống dữ liệu giao thông được chia sẻ với những cơ sở dữ liệu nào?,Cơ sở dữ liệu giao thông đường bộ liên kết với hệ thống thông tin nào khác?,Những hệ thống dữ liệu nào được kết nối với cơ sở dữ liệu an toàn giao thông?,7,1,"Cơ sở dữ liệu về trật tự, an toàn giao thông đường bộ được kết nối, chia sẻ với:

Cơ sở dữ liệu quốc gia về dân cư.
Cơ sở dữ liệu đường bộ.
Các cơ sở dữ liệu liên quan khác."
Ai quy định chi tiết về việc thu thập và quản lý dữ liệu giao thông đường bộ?,Cơ quan nào chịu trách nhiệm quy định thu thập dữ liệu giao thông?,Ai quyết định quy trình quản lý thông tin an toàn giao thông?,Việc khai thác dữ liệu giao thông đường bộ thuộc thẩm quyền của ai?,7,1,"Chính phủ quy định chi tiết về nội dung, thu thập, quản lý và khai thác thông tin trong cơ sở dữ liệu về trật tự, an toàn giao thông đường bộ."
"Hợp tác quốc tế về trật tự, an toàn giao thông đường bộ cần tuân thủ những nguyên tắc nào?",Nguyên tắc nào được áp dụng khi hợp tác quốc tế về an toàn giao thông?,"Khi hợp tác quốc tế trong lĩnh vực giao thông đường bộ, cần tuân theo những quy định gì?",Hợp tác quốc tế về giao thông đường bộ phải đảm bảo các yếu tố nào?,8,1,"Hợp tác quốc tế về trật tự, an toàn giao thông đường bộ phải:

Tuân thủ pháp luật Việt Nam và điều ước quốc tế mà Việt Nam là thành viên.
Tôn trọng các nguyên tắc cơ bản của pháp luật quốc tế.
Bảo đảm độc lập, chủ quyền, toàn vẹn lãnh thổ, bảo vệ lợi ích quốc gia và quyền lợi hợp pháp của tổ chức, cá nhân."
"Nội dung hợp tác quốc tế về trật tự, an toàn giao thông đường bộ bao gồm những gì?",Hợp tác quốc tế về an toàn giao thông đường bộ tập trung vào những lĩnh vực nào?,Những nội dung nào được ưu tiên trong hợp tác quốc tế về giao thông?,Quốc tế hỗ trợ Việt Nam trong an toàn giao thông đường bộ qua những hình thức nào?,8,1,"Nội dung hợp tác quốc tế về trật tự, an toàn giao thông đường bộ gồm:

Ký kết điều ước, thỏa thuận quốc tế liên quan.
Trao đổi thông tin, chuyển giao công nghệ.
Đào tạo, tập huấn cho lực lượng đảm bảo trật tự giao thông.
Tăng cường điều kiện vật chất phục vụ an toàn giao thông.
Hợp tác giải quyết tai nạn giao thông.
Thực hiện các nội dung hợp tác khác theo quy định pháp luật và điều ước quốc tế."
Cơ quan nào chịu trách nhiệm chính trong hợp tác quốc tế về giao thông đường bộ?,Ai là cơ quan đầu mối hợp tác quốc tế về an toàn giao thông?,Đơn vị nào đại diện Việt Nam đàm phán các thỏa thuận quốc tế về giao thông?,"Cơ quan nào phối hợp với các Bộ, ngành trong hợp tác quốc tế về giao thông?",8,1,"Bộ Công an là cơ quan chủ trì, phối hợp với các Bộ, ngành liên quan để:

Đàm phán, ký kết hoặc đề xuất ký kết điều ước, thỏa thuận quốc tế.
Thực hiện hợp tác quốc tế về trật tự, an toàn giao thông đường bộ."
Người điều khiển phương tiện giao thông cần có những giấy tờ gì khi tham gia giao thông?,"Khi lái xe trên đường, người điều khiển cần mang theo giấy tờ nào?",Giấy tờ bắt buộc đối với người lái xe tham gia giao thông là gì?,Điều kiện về giấy tờ khi điều khiển phương tiện giao thông gồm những gì?,9,1,Người điều khiển phương tiện giao thông phải có giấy phép lái xe hoặc chứng chỉ hợp lệ. Trường hợp điều khiển xe máy chuyên dùng cũng cần giấy phép lái xe hoặc chứng chỉ bồi dưỡng kiến thức giao thông.
Người tham gia giao thông có được phép điều khiển phương tiện khi đã uống rượu bia không?,Việc lái xe sau khi uống rượu bia có được cho phép không?,Người lái xe có thể điều khiển phương tiện nếu trong máu có cồn không?,Có được phép tham gia giao thông khi sử dụng đồ uống có cồn không?,9,1,Không. Người điều khiển phương tiện không được phép lái xe khi trong máu hoặc hơi thở có nồng độ cồn.
Có bị cấm điều khiển phương tiện khi trong cơ thể có chất kích thích không?,Người lái xe sử dụng ma túy có bị cấm tham gia giao thông không?,Lái xe khi có chất kích thích trong cơ thể bị xử lý thế nào?,Việc sử dụng chất cấm rồi lái xe có hợp pháp không?,9,1,Bị cấm. Người điều khiển phương tiện không được phép tham gia giao thông khi trong cơ thể có chất ma túy hoặc chất kích thích bị cấm.
Người dân có được phép sử dụng điện thoại khi lái xe không?,Có được cầm điện thoại khi điều khiển phương tiện giao thông không?,Có được cầm điện thoại khi điều khiển phương tiện giao thông không?,Người lái xe dùng điện thoại trong lúc lái xe có bị cấm không?,9,1,Không. Người lái xe không được phép dùng tay cầm và sử dụng điện thoại hoặc thiết bị điện tử khi phương tiện đang di chuyển.
Hành vi đua xe hoặc cổ vũ đua xe trái phép có bị cấm không?,Có được phép tham gia hoặc cổ vũ đua xe trái phép không?,Tổ chức đua xe không được cấp phép có vi phạm không?,Việc giúp sức cho các cuộc đua xe trái phép có bị xử lý không?,9,1,"Bị cấm. Mọi hành vi đua xe, tổ chức, xúi giục, giúp sức, cổ vũ đua xe trái phép đều không được phép."
Có được giao xe cho người không đủ điều kiện lái không?,Giao xe cho người không có giấy phép lái xe có vi phạm không?,Người không đủ điều kiện lái xe có được nhận xe từ người khác không?,Việc cho mượn xe khi người khác không đủ điều kiện có bị cấm không?,9,1,Không. Việc giao xe cho người không đủ điều kiện điều khiển phương tiện là hành vi bị nghiêm cấm.
Việc chở hàng hóa vượt quá tải trọng cho phép có vi phạm không?,Có được phép chở hàng vượt quá quy định về tải trọng không?,"Khi chưa được cấp phép, chở hàng quá khổ có bị xử phạt không?",Chở hàng không đúng tải trọng quy định có vi phạm luật không?,9,1,"Có. Việc chở hàng vượt quá khối lượng, tải trọng, kích thước cho phép khi chưa được cấp phép là hành vi vi phạm."
"Có được phép lắp đặt đèn, còi gây mất trật tự giao thông không?","Lắp đèn chớp, còi to trên xe khi tham gia giao thông có được cho phép không?","Việc thay đổi thiết bị âm thanh, ánh sáng trên xe có vi phạm không?",Lái xe gắn thiết bị gây ồn có bị xử phạt không?,9,1,"Không. Lắp đặt, sử dụng thiết bị âm thanh, ánh sáng gây mất an toàn giao thông là hành vi bị cấm."
Có được làm giả hoặc sử dụng biển số xe không hợp lệ không?,Việc mua bán biển số xe giả có vi phạm không?,Sử dụng biển số không do cơ quan có thẩm quyền cấp có bị xử phạt không?,Che lấp biển số xe khi tham gia giao thông có hợp pháp không?,9,1,"Không. Mọi hành vi sản xuất, sử dụng, mua bán biển số xe trái phép hoặc che lấp, làm sai lệch biển số đều bị nghiêm cấm."
"Sau khi gây tai nạn giao thông, người điều khiển có được phép rời khỏi hiện trường không?",Có vi phạm không nếu bỏ trốn sau khi gây tai nạn?,"Khi gặp tai nạn giao thông, người liên quan có được rời đi không?",Có trách nhiệm gì khi gây tai nạn mà không hỗ trợ người bị nạn?,9,1,Không. Bỏ trốn sau khi gây tai nạn hoặc không cứu giúp người bị nạn khi có điều kiện là hành vi bị cấm.
Người tham gia giao thông đường bộ cần tuân thủ những nguyên tắc nào khi di chuyển?,"Khi tham gia giao thông, người đi đường cần tuân thủ những quy tắc gì?",Người đi bộ và người lái xe phải chấp hành những quy định nào trên đường?,Có những yêu cầu nào khi di chuyển trên đường bộ?,10,2,"Người tham gia giao thông đường bộ phải đi bên phải theo chiều đi của mình, đi đúng làn đường, phần đường quy định, chấp hành báo hiệu đường bộ và các quy tắc giao thông khác."
Người lái xe và hành khách trên ô tô cần làm gì để đảm bảo an toàn khi di chuyển?,"Khi ngồi trên ô tô, người lái xe và hành khách cần chú ý điều gì để đảm bảo an toàn?",Có bắt buộc phải thắt dây đai an toàn khi đi ô tô không?,Người ngồi trên ô tô cần làm gì để tuân thủ quy tắc an toàn giao thông?,10,2,Người lái xe và người được chở trên xe ô tô phải thắt dây đai an toàn tại những chỗ có trang bị dây đai an toàn khi tham gia giao thông.
"Khi chở trẻ em dưới 10 tuổi trên ô tô, người lái xe cần tuân thủ những quy định nào?",Có quy định gì khi chở trẻ em dưới 10 tuổi trên xe ô tô không?,Người lái xe phải làm gì để đảm bảo an toàn cho trẻ em khi di chuyển bằng ô tô?,"Khi chở trẻ nhỏ trên ô tô, vị trí ngồi của trẻ em có bị hạn chế không?",10,2,"Khi chở trẻ em dưới 10 tuổi và chiều cao dưới 1,35 mét trên ô tô, không được cho trẻ ngồi cùng hàng ghế với người lái xe (trừ trường hợp xe chỉ có một hàng ghế). Người lái xe phải sử dụng và hướng dẫn trẻ em sử dụng thiết bị an toàn phù hợp."
Báo hiệu đường bộ bao gồm những loại nào?,Có những loại báo hiệu nào trong giao thông đường bộ?,"Khi tham gia giao thông, người đi đường cần chú ý đến những loại báo hiệu nào?",Báo hiệu giao thông trên đường bộ được chia thành mấy loại?,11,2,"Báo hiệu đường bộ bao gồm: hiệu lệnh của người điều khiển giao thông, đèn tín hiệu giao thông, biển báo hiệu đường bộ, vạch kẻ đường và các dấu hiệu khác trên mặt đường, cọc tiêu, tường bảo vệ, rào chắn, đinh phản quang, tiêu phản quang, cột Km, cọc H, thiết bị âm thanh báo hiệu đường bộ."
Người tham gia giao thông phải tuân thủ thứ tự ưu tiên của các báo hiệu như thế nào?,"Khi gặp nhiều loại báo hiệu cùng lúc, người tham gia giao thông phải chấp hành theo thứ tự nào?","Nếu biển báo và đèn tín hiệu có mâu thuẫn, người đi đường phải tuân theo báo hiệu nào trước?",Thứ tự ưu tiên khi chấp hành báo hiệu giao thông là gì?,11,2,"Người tham gia giao thông phải chấp hành báo hiệu theo thứ tự ưu tiên từ trên xuống dưới như sau:

Hiệu lệnh của người điều khiển giao thông
Tín hiệu đèn giao thông
Biển báo hiệu đường bộ
Vạch kẻ đường và các dấu hiệu khác trên mặt đường
Cọc tiêu, tường bảo vệ, rào chắn, đinh phản quang, tiêu phản quang, cột Km, cọc H
Thiết bị âm thanh báo hiệu đường bộ"
Hiệu lệnh của người điều khiển giao thông được quy định như thế nào?,Người điều khiển giao thông ra hiệu lệnh như thế nào?,"Khi thấy cảnh sát giao thông ra hiệu lệnh, người tham gia giao thông cần hiểu ra sao?",Hiệu lệnh của người điều khiển giao thông có ý nghĩa gì?,11,2,"Hiệu lệnh của người điều khiển giao thông được quy định như sau:

Tay bên phải giơ thẳng đứng: Tất cả các hướng phải dừng lại.
Hai tay hoặc một tay dang ngang: Người tham gia giao thông ở phía trước và phía sau phải dừng, phía bên phải và bên trái được đi.
Tay bên phải giơ về phía trước: Người ở phía sau và bên phải phải dừng, người phía trước được rẽ phải, người phía bên trái được đi mọi hướng; người đi bộ phải đi sau lưng người điều khiển giao thông."
Đèn tín hiệu giao thông có mấy màu và ý nghĩa của từng màu là gì?,"Khi tham gia giao thông, đèn xanh, vàng, đỏ có ý nghĩa gì?",Các màu đèn giao thông biểu thị điều gì?,Người đi đường phải làm gì khi đèn tín hiệu chuyển màu?,11,2,"Đèn tín hiệu giao thông có 3 màu:

Xanh: Được đi; phải nhường đường cho người đi bộ, xe lăn đang di chuyển.
Vàng: Phải dừng trước vạch dừng; nếu đã vượt vạch được đi tiếp; đèn vàng nhấp nháy thì đi chậm, quan sát.
Đỏ: Cấm đi."
Biển báo hiệu đường bộ được phân thành những loại nào và chức năng của từng loại?,Biển báo hiệu đường bộ được phân thành những loại nào và chức năng của từng loại?,Biển báo giao thông được chia làm mấy loại?,Người tham gia giao thông cần hiểu các loại biển báo như thế nào?,11,2,"Biển báo hiệu đường bộ gồm:

Biển báo cấm: Thể hiện các điều cấm.
Biển báo nguy hiểm: Cảnh báo nguy hiểm.
Biển hiệu lệnh: Thể hiện lệnh phải thi hành.
Biển chỉ dẫn: Chỉ hướng đi và thông tin cần biết.
Biển phụ: Thuyết minh bổ sung cho các biển khác."
Vạch kẻ đường có tác dụng gì trong giao thông?,Vạch kẻ đường giúp người tham gia giao thông như thế nào?,Vai trò của vạch kẻ đường là gì?,"Khi lái xe, người điều khiển phải chú ý gì đến vạch kẻ đường?",11,2,"Vạch kẻ đường phân chia làn đường, xác định vị trí, hướng đi, và vị trí dừng cho phương tiện."
"Cọc tiêu, tường bảo vệ, rào chắn và các thiết bị khác giúp gì cho người tham gia giao thông?",Tại sao cần lắp cọc tiêu và tường bảo vệ trên đường?,Rào chắn và cọc tiêu có tác dụng gì khi tham gia giao thông?,Các thiết bị hỗ trợ an toàn trên đường có vai trò ra sao?,11,2,"Cọc tiêu, tường bảo vệ giúp người tham gia giao thông xác định phạm vi an toàn và hướng đi; rào chắn ngăn cản người, phương tiện di chuyển vào khu vực cấm."
Người tham gia giao thông phải làm gì khi gặp biển báo cố định và biển báo tạm thời có mâu thuẫn?,"Nếu gặp biển báo tạm thời và cố định khác nhau, người đi đường nên tuân theo biển nào?","Khi biển báo tạm thời và biển cố định không giống nhau, xử lý thế nào?","Trường hợp biển báo có sự mâu thuẫn, người tham gia giao thông cần tuân theo đâu?",11,2,Người tham gia giao thông phải chấp hành biển báo hiệu tạm thời.
Thiết bị âm thanh báo hiệu đường bộ có chức năng gì?,"Khi nghe thấy âm thanh cảnh báo trên đường, người đi đường cần làm gì?",Thiết bị âm thanh hỗ trợ giao thông giúp gì cho người tham gia?,Âm thanh báo hiệu trên đường có ý nghĩa ra sao?,11,2,Thiết bị âm thanh giúp cảnh báo nguy hiểm cho người tham gia giao thông.
Cột Km và cọc H trên đường giúp người đi đường nắm được thông tin gì?,Cột Km và cọc H có ý nghĩa gì khi di chuyển trên đường?,Tại sao cột Km và cọc H lại được đặt dọc theo tuyến đường?,Người lái xe cần chú ý gì đến cột Km và cọc H?,11,2,"Chúng cung cấp thông tin về vị trí, khoảng cách và các dữ liệu liên quan đến đường bộ."
Người lái xe cần tuân thủ quy định gì về tốc độ và khoảng cách khi tham gia giao thông?,"Khi tham gia giao thông, người điều khiển phương tiện phải chú ý điều gì về tốc độ và khoảng cách?",Quy định về tốc độ và khoảng cách an toàn giữa các xe được áp dụng như thế nào?,Người lái xe phải đảm bảo tốc độ và khoảng cách ra sao khi lưu thông?,12,2,Người lái xe và người điều khiển xe máy chuyên dùng phải tuân thủ quy định về tốc độ và giữ khoảng cách an toàn tối thiểu với xe phía trước cùng làn hoặc phần đường.
Người điều khiển phương tiện cần điều chỉnh tốc độ như thế nào để đảm bảo an toàn?,Khi nào người lái xe cần giảm tốc độ để đảm bảo an toàn?,Người tham gia giao thông phải chú ý điều gì về tốc độ phù hợp?,Trong điều kiện nào người lái xe cần điều chỉnh tốc độ?,12,2,"Người điều khiển phương tiện phải điều chỉnh tốc độ phù hợp với điều kiện cầu, đường, mật độ giao thông, địa hình, thời tiết và các yếu tố khác để đảm bảo an toàn."
"Khi gặp người đi bộ qua đường, người điều khiển phương tiện cần làm gì?",Người lái xe cần xử lý thế nào khi gặp người đi bộ qua đường?,"Nếu thấy người đi bộ hoặc xe lăn đang qua đường, người điều khiển phương tiện phải làm gì?","Trong tình huống người đi bộ đang sang đường, người điều khiển xe cần chú ý gì?",12,2,"Người điều khiển phương tiện phải quan sát, giảm tốc độ hoặc dừng lại khi gặp người đi bộ, xe lăn của người khuyết tật đang qua đường hoặc tại nơi có vạch kẻ đường dành cho người đi bộ."
"Khi gặp chướng ngại vật hoặc biển báo nguy hiểm trên đường, người lái xe cần xử lý thế nào?",Người điều khiển phương tiện nên làm gì khi có vật cản hoặc biển cảnh báo?,"Nếu gặp báo hiệu nguy hiểm trên đường, người lái xe cần chú ý gì?","Khi phát hiện chướng ngại vật phía trước, tài xế phải ứng phó ra sao?",12,2,"Người lái xe phải quan sát, giảm tốc độ hoặc dừng lại để đảm bảo an toàn khi gặp biển cảnh báo nguy hiểm hoặc chướng ngại vật trên đường."
"Người lái xe cần chú ý điều gì khi đi qua khu vực trường học, bệnh viện, chợ hay nơi đông dân cư?","Khi di chuyển gần trường học, bệnh viện, người lái xe cần làm gì?","Trong khu vực đông người, tài xế phải điều chỉnh tốc độ ra sao?",Người điều khiển phương tiện cần chú ý điều gì khi đi qua khu dân cư?,12,2,"Người điều khiển phương tiện phải giảm tốc độ, quan sát kỹ và dừng lại khi cần thiết khi đi qua khu vực trường học, bệnh viện, chợ, nơi đông dân cư hoặc công trình công cộng."
"Người lái xe cần làm gì khi gặp xe vận chuyển hàng siêu trường, siêu trọng hoặc đoàn người đi bộ?","Khi thấy xe chở hàng nguy hiểm hoặc đoàn người đi bộ, tài xế phải xử lý thế nào?","Người điều khiển phương tiện phải làm gì khi gặp xe siêu trường, siêu trọng?","Trong trường hợp gặp đoàn người đi bộ, người lái xe nên chú ý điều gì?",12,2,"Người lái xe cần giảm tốc độ, giữ khoảng cách an toàn và nhường đường khi gặp xe vận chuyển hàng siêu trường, siêu trọng, hàng hóa nguy hiểm hoặc đoàn người đi bộ."
"Khi thời tiết xấu như mưa, sương mù hoặc mặt đường trơn trượt, người điều khiển xe cần làm gì?","Trong điều kiện thời tiết bất lợi, người lái xe nên xử lý ra sao?","Mặt đường trơn trượt hoặc có sương mù, người tham gia giao thông cần chú ý gì?","Khi lái xe trời mưa hoặc có bụi, người điều khiển phải làm gì?",12,2,"Người điều khiển phương tiện phải giảm tốc độ, quan sát kỹ và giữ khoảng cách an toàn khi gặp mưa, gió, sương, bụi hoặc đường trơn trượt, lầy lội."
Người lái xe cần chú ý gì khi đi qua nơi đường giao nhau hoặc đường sắt?,"Khi tới giao lộ hoặc nơi giao với đường sắt, người lái xe nên làm gì?",Tài xế phải xử lý ra sao khi tới đoạn đường giao nhau?,Người điều khiển phương tiện cần làm gì khi băng qua đường sắt?,12,2,"Người lái xe phải quan sát, giảm tốc độ và dừng lại khi cần thiết tại nơi đường bộ giao nhau, đường sắt hoặc các vị trí có tầm nhìn bị hạn chế."
Người điều khiển phương tiện cần làm gì khi xe phía sau xin vượt?,"Khi có xe xin vượt từ phía sau, người lái xe phải xử lý thế nào?","Nếu xe phía sau phát tín hiệu vượt, tài xế nên làm gì?",Người tham gia giao thông cần chú ý gì khi bị xe khác xin đường?,12,2,"Người lái xe cần giảm tốc độ, giữ khoảng cách và tạo điều kiện cho xe phía sau vượt an toàn."
"Trong khu vực kiểm soát giao thông hoặc đang xử lý tai nạn, người tham gia giao thông cần chú ý điều gì?","Khi gặp lực lượng chức năng kiểm soát giao thông, người lái xe phải làm gì?","Nếu đang đi vào khu vực xử lý tai nạn, tài xế nên chú ý điều gì?",Người điều khiển phương tiện cần ứng xử ra sao tại hiện trường tai nạn?,12,2,"Người điều khiển phương tiện phải giảm tốc độ, tuân thủ hướng dẫn của lực lượng chức năng và đảm bảo an toàn khi đi qua khu vực kiểm soát giao thông hoặc hiện trường tai nạn."
Phương tiện di chuyển với tốc độ chậm phải đi như thế nào để đảm bảo an toàn?,Xe đi chậm cần tuân thủ quy tắc gì khi tham gia giao thông?,Người lái xe tốc độ thấp nên di chuyển ra sao trên đường?,Phương tiện chạy chậm phải đi ở vị trí nào trên đường?,13,2,Phương tiện di chuyển với tốc độ thấp hơn phải đi về bên phải theo chiều đi của mình để đảm bảo an toàn và không cản trở giao thông.
Khi nào người lái xe được phép chuyển làn đường?,Người điều khiển phương tiện cần lưu ý gì khi chuyển làn đường?,Việc chuyển làn xe được thực hiện như thế nào cho đúng quy định?,"Khi muốn đổi làn đường, tài xế phải tuân thủ quy tắc gì?",13,2,"Người điều khiển phương tiện chỉ được chuyển làn ở những nơi cho phép, mỗi lần chuyển sang một làn liền kề, phải bật tín hiệu báo trước và quan sát để đảm bảo khoảng cách an toàn với các xe xung quanh."
Xe thô sơ và xe cơ giới phải đi ở làn đường nào trên một chiều đường có vạch phân làn?,"Khi đường có phân làn, xe đạp và xe máy đi ở làn nào?",Xe thô sơ và xe cơ giới cần tuân thủ quy định gì về làn đường?,"Trên đường có vạch kẻ làn, người điều khiển xe phải di chuyển ở đâu?",13,2,"Trên một chiều đường có vạch kẻ phân làn, xe thô sơ phải đi trên làn đường bên phải trong cùng, còn xe cơ giới và xe máy chuyên dùng đi trên làn bên trái."
Có được đi sai làn đường dành riêng cho một loại phương tiện không?,Người lái xe có thể đi vào làn dành cho phương tiện khác không?,"Khi thấy làn đường dành riêng, người điều khiển xe phải làm gì?",Việc đi vào làn không đúng với loại phương tiện có được phép không?,13,2,Không. Người điều khiển phương tiện không được đi vào làn đường dành riêng cho loại phương tiện khác hoặc nhóm phương tiện khác.
Vượt xe được thực hiện như thế nào trên đường có một làn xe cơ giới?,Người lái xe cần làm gì khi muốn vượt xe trên đường một làn?,"Trên đường chỉ có một làn cho xe cơ giới, vượt xe ra sao mới đúng quy định?",Khi nào người điều khiển xe được phép vượt trên đường một làn?,14,2,"Trên đường mỗi chiều chỉ có một làn dành cho xe cơ giới, xe muốn vượt phải di chuyển sang bên trái để vượt lên trước xe phía trước."
Xe xin vượt phải đáp ứng những điều kiện nào để được phép vượt?,Khi nào xe đi sau mới được phép vượt?,Xe muốn vượt cần đảm bảo điều kiện gì để an toàn?,Người lái xe cần chú ý gì trước khi vượt?,14,2,"Xe xin vượt chỉ được vượt khi phía trước không có chướng ngại vật, không có xe chạy ngược chiều ở đoạn đường định vượt, xe trước không có tín hiệu xin vượt, đã bật xi-nhan phải và tránh sang bên phải."
Người điều khiển xe phía trước phải làm gì khi có xe xin vượt?,"Khi có xe xin vượt, xe phía trước cần ứng xử thế nào?",Người lái xe đi trước nên phản ứng ra sao khi bị xin vượt?,Xe trước phải làm gì để hỗ trợ xe sau vượt an toàn?,14,2,"Người điều khiển xe phía trước phải quan sát, nếu đủ an toàn thì giảm tốc độ, bật xi-nhan phải và đi sát lề phải để nhường đường. Nếu không an toàn, phải bật xi-nhan trái báo hiệu cho xe sau biết không được vượt."
Trong trường hợp nào xe được phép vượt bên phải?,Khi nào người lái xe được vượt xe phía trước từ bên phải?,"Có được phép vượt bên phải không? Nếu có, trong trường hợp nào?",Vượt bên phải có hợp pháp không? Khi nào được thực hiện?,14,2,"Xe chỉ được phép vượt bên phải khi xe phía trước bật tín hiệu rẽ trái, đang rẽ trái hoặc khi gặp xe chuyên dùng đang làm việc trên đường mà không thể vượt bên trái."
Xe xin vượt cần báo hiệu như thế nào?,"Khi vượt xe, tài xế phải sử dụng tín hiệu gì?",Xe muốn vượt cần dùng loại báo hiệu nào?,Có quy định gì về tín hiệu khi xin vượt?,14,2,"Xe xin vượt phải bật đèn chiếu sáng nhấp nháy hoặc còi (trừ xe thô sơ không có thiết bị này). Trong đô thị từ 22h đến 5h, chỉ được dùng đèn để xin vượt."
Những trường hợp nào người lái xe không được phép vượt?,Khi nào việc vượt xe bị cấm?,Người điều khiển xe không được vượt trong tình huống nào?,Vượt xe bị cấm khi gặp những điều kiện gì?,14,2,"Không được vượt khi:

Không đủ điều kiện an toàn;
Trên cầu hẹp một làn, đường cong, đỉnh dốc hạn chế tầm nhìn;
Ở nơi giao nhau, đường sắt, hầm;
Gặp xe ưu tiên, người đi bộ, xe lăn;
Đường trơn trượt, thời tiết xấu."
Chuyển hướng xe được hiểu như thế nào?,Khi nào một phương tiện được coi là đang chuyển hướng?,Chuyển hướng xe bao gồm những hành động nào?,Thế nào là hành động chuyển hướng khi tham gia giao thông?,15,2,"Chuyển hướng xe là khi người điều khiển xe thực hiện hành động rẽ trái, rẽ phải hoặc quay đầu xe."
Người lái xe cần làm gì trước khi chuyển hướng?,"Trước khi rẽ, người lái xe phải thực hiện những bước nào?",Có những quy tắc gì cần tuân thủ trước khi chuyển hướng?,"Để đảm bảo an toàn khi chuyển hướng, tài xế phải chú ý điều gì?",15,2,"Trước khi chuyển hướng, người điều khiển phương tiện phải quan sát, giữ khoảng cách an toàn với xe phía sau, giảm tốc độ, bật tín hiệu báo rẽ (hoặc ra hiệu bằng tay với xe thô sơ), chuyển dần sang làn gần hướng rẽ và chỉ thực hiện khi đã đảm bảo an toàn."
Người điều khiển xe phải nhường đường cho ai khi chuyển hướng?,"Khi rẽ, người lái xe cần ưu tiên cho những đối tượng nào?",Ai được quyền đi trước khi xe đang muốn chuyển hướng?,Người điều khiển xe cần lưu ý gì khi nhường đường lúc rẽ?,15,2,"Khi chuyển hướng, người điều khiển xe phải nhường đường cho người đi bộ, xe thô sơ, xe đi ngược chiều và chỉ rẽ khi không gây cản trở hay nguy hiểm cho người, phương tiện khác."
Trong những trường hợp nào không được quay đầu xe?,Khi nào người lái xe bị cấm quay đầu?,Có những vị trí nào không được phép quay đầu xe?,Người lái xe cần tránh quay đầu ở đâu để không vi phạm luật?,15,2,"Không được quay đầu xe tại:

Vạch dành cho người đi bộ;
Trên cầu, đầu cầu, gầm cầu vượt, ngầm;
Đường giao nhau với đường sắt;
Đường hẹp, đường dốc, đoạn cong khuất tầm nhìn;
Đường cao tốc, hầm đường bộ, đường một chiều (trừ khi có hiệu lệnh hoặc biển báo cho phép)."
Người điều khiển phương tiện cần chú ý những gì khi lùi xe để đảm bảo an toàn?,"Khi lùi xe, tài xế nên thực hiện những bước nào để tránh gây nguy hiểm?",Làm thế nào để đảm bảo an toàn cho bản thân và người xung quanh khi lùi xe?,Có những yếu tố quan trọng nào mà người lái xe phải chú ý đến khi lùi xe?,16,2,"Người điều khiển phương tiện cần quan sát kỹ hai bên và phía sau xe, bật tín hiệu lùi và chỉ thực hiện việc lùi xe khi chắc chắn rằng không gây nguy hiểm cho người khác hay phương tiện xung quanh."
Có những vị trí nào mà người lái xe không được phép lùi?,Người điều khiển phương tiện cần tránh lùi xe ở những nơi nào?,Những khu vực nào bị cấm khi thực hiện việc lùi xe?,"Khi muốn lùi xe, tài xế nên chú ý tránh những địa điểm nào?",16,2,"Người lái xe không được phép lùi ở các vị trí như: đường một chiều, khu vực cấm dừng, phần đường dành cho người đi bộ, nơi giao nhau giữa các con đường, khu vực giao cắt với đường sắt, nơi tầm nhìn bị che khuất, trong hầm đường bộ và trên đường cao tốc."
Vì sao việc quan sát xung quanh khi lùi xe lại quan trọng?,Việc kiểm tra hai bên và phía sau trước khi lùi xe có tác dụng gì?,Lý do gì khiến người lái xe cần quan sát cẩn thận khi lùi?,Tại sao người điều khiển phương tiện phải để ý xung quanh khi thực hiện lùi xe?,16,2,"Việc quan sát giúp người lái xe phát hiện các chướng ngại vật, người đi bộ hoặc phương tiện khác, từ đó tránh gây tai nạn và đảm bảo an toàn cho tất cả mọi người tham gia giao thông."
"Khi gặp xe đi ngược chiều trên đường không có dải phân cách, người lái xe cần làm gì để đảm bảo an toàn?","Khi di chuyển trên đường hai chiều không có dải phân cách, tài xế phải xử lý thế nào nếu gặp xe đi ngược chiều?",Người điều khiển phương tiện cần tuân thủ nguyên tắc nào khi tránh xe đi ngược chiều trên đường không phân làn riêng biệt?,Làm thế nào để đảm bảo an toàn khi đối diện với một xe khác trên đoạn đường không có vạch chia làn?,17,2,"Người điều khiển phương tiện cần giảm tốc độ, chủ động đi sát về bên phải theo chiều di chuyển của mình để tránh va chạm và đảm bảo an toàn cho cả hai bên."
Trong những trường hợp nào một xe phải nhường đường khi tránh xe ngược chiều?,"Khi tránh xe đi ngược chiều, trong hoàn cảnh nào tài xế cần nhường đường?",Có những nguyên tắc nào về nhường đường khi hai xe đi ngược chiều gặp nhau?,Tình huống nào buộc một xe phải dừng lại hoặc né tránh khi gặp xe đối diện?,17,2,"Tài xế cần nhường đường trong các trường hợp sau:

Nếu đường hẹp chỉ đủ cho một xe và có chỗ tránh, xe ở gần chỗ tránh hơn phải nhường đường.
Khi đi xuống dốc, xe xuống phải nhường đường cho xe lên dốc.
Nếu có chướng ngại vật phía trước, xe gặp chướng ngại vật phải nhường đường cho xe không bị cản trở."
Thế nào là dừng xe và khi dừng xe người lái cần tuân thủ những điều gì?,Khi nào được coi là dừng xe và tài xế phải chú ý điều gì khi dừng xe?,Người lái xe cần thực hiện những yêu cầu nào khi tạm dừng xe trên đường?,Dừng xe khác gì với việc đỗ xe và người điều khiển phương tiện cần lưu ý gì khi dừng xe?,18,2,"Dừng xe là trạng thái xe đứng yên tạm thời để cho người lên xuống xe, xếp dỡ hàng hoặc kiểm tra xe. Khi dừng xe, người lái không được tắt máy, không rời khỏi vị trí lái trừ khi cần đóng, mở cửa, xếp dỡ hàng hay kiểm tra xe, nhưng phải dùng phanh đỗ hoặc biện pháp an toàn khác."
Đỗ xe được hiểu như thế nào và người lái cần làm gì để đảm bảo an toàn khi đỗ xe?,Khi nào việc dừng xe được coi là đỗ xe và người lái cần lưu ý gì?,Người điều khiển phương tiện phải đảm bảo an toàn ra sao khi đỗ xe?,"Để tránh nguy hiểm, người lái cần thực hiện những biện pháp nào khi đỗ xe?",18,2,"Đỗ xe là trạng thái xe đứng yên không giới hạn thời gian. Người lái chỉ được rời khỏi xe sau khi đã kéo phanh tay hoặc dùng biện pháp an toàn khác. Nếu đỗ trên dốc, cần đánh lái về phía lề đường và chèn bánh để tránh trôi xe."
"Người điều khiển xe phải làm gì khi ra vào vị trí dừng, đỗ xe để không ảnh hưởng đến giao thông?","Khi dừng hoặc đỗ xe, tài xế cần tuân thủ những quy định nào để đảm bảo an toàn cho người khác?","Làm thế nào để không gây cản trở khi di chuyển vào hoặc ra khỏi vị trí dừng, đỗ xe?",Người lái xe cần báo hiệu ra sao khi muốn dừng hoặc đỗ xe?,18,2,"Người điều khiển phương tiện phải bật tín hiệu báo cho các phương tiện khác biết khi ra, vào vị trí dừng, đỗ và đảm bảo không làm ảnh hưởng đến người đi bộ hay các phương tiện khác."
Những vị trí nào người lái xe không được dừng hoặc đỗ xe?,"Có những nơi nào tài xế tuyệt đối không được phép dừng, đỗ xe?","Khi tham gia giao thông, người lái cần tránh dừng xe ở đâu?","Đâu là các khu vực cấm dừng, đỗ xe để đảm bảo an toàn giao thông?",18,2,"Người điều khiển phương tiện không được dừng, đỗ xe ở các vị trí như: bên trái đường một chiều, đoạn đường cong, đầu dốc bị che khuất, trên cầu, dưới gầm cầu vượt (trừ nơi cho phép), nơi giao nhau, điểm đón trả khách, trước cổng cơ quan, trên đường dành cho người đi bộ, trên làn xe buýt, nơi cản trở biển báo giao thông, hoặc nơi có thể gây nguy hiểm khác."
"Khi dừng hoặc đỗ xe trên đường bộ, người lái cần chú ý đến vị trí như thế nào?",Người lái xe nên chọn vị trí nào khi muốn dừng hoặc đỗ xe trên đường?,"Những nguyên tắc nào cần tuân thủ khi dừng, đỗ xe trên đường bộ?","Khi dừng xe trên đường không có lề, tài xế cần lưu ý điều gì?",18,2,"Khi dừng, đỗ xe, người điều khiển chỉ được dừng ở nơi có lề đường rộng hoặc khu đất bên ngoài làn xe chạy. Nếu không có lề, xe phải dừng sát mép đường bên phải theo chiều đi của mình để không gây cản trở giao thông."
"Người lái xe cần tuân thủ quy định gì khi dừng, đỗ xe trên đường phố?","Khi dừng, đỗ xe trong khu vực đô thị, tài xế phải chú ý gì?","Để đảm bảo an toàn trên đường phố, người lái xe cần dừng, đỗ ra sao?",Có quy định nào về khoảng cách khi dừng xe gần lề đường hoặc vỉa hè?,18,2,"Trên đường phố, xe phải dừng, đỗ sát lề hoặc vỉa hè bên phải theo chiều đi. Bánh xe gần nhất không được cách lề quá 0,25 mét và không gây cản trở cho người đi bộ hay phương tiện khác."
"Trong trường hợp xe gặp sự cố buộc phải dừng, đỗ tại nơi cấm, người lái cần làm gì?","Nếu xe bị hỏng ở nơi cấm dừng, đỗ, tài xế cần thực hiện biện pháp gì?","Khi không may phải dừng xe tại nơi không được phép, người điều khiển cần làm gì để cảnh báo?","Trong tình huống khẩn cấp buộc phải đỗ xe sai quy định, tài xế cần chú ý ra sao?",18,2,"Nếu buộc phải dừng, đỗ tại nơi cấm do sự cố, người lái phải bật đèn khẩn cấp hoặc đặt biển cảnh báo phía sau xe để báo hiệu cho các phương tiện khác biết, tránh gây tai nạn."
Khi nào người lái hoặc hành khách được phép mở cửa xe?,Trong trường hợp nào việc mở cửa xe mới được chấp nhận?,Người trên xe cần chú ý điều gì trước khi mở cửa?,Khi nào thì hành động mở cửa xe được coi là đúng quy định và an toàn?,19,2,"Chỉ được phép mở cửa xe khi xe đã dừng, đỗ hoàn toàn để đảm bảo an toàn cho bản thân và những người xung quanh."
Người mở cửa xe cần tuân thủ những nguyên tắc nào để đảm bảo an toàn?,"Trước khi mở cửa xe, người mở cửa cần làm gì để tránh gây nguy hiểm?",Làm thế nào để mở cửa xe an toàn mà không gây cản trở giao thông?,Người ngồi trong xe phải chú ý gì khi ra khỏi xe để đảm bảo an toàn cho bản thân và người khác?,19,2,"Trước khi mở cửa, người mở cửa phải quan sát kỹ phía trước, phía sau và bên mở cửa. Chỉ khi đảm bảo không có nguy hiểm từ các phương tiện khác hoặc người đi bộ mới được mở cửa và không được để cửa xe mở lâu nếu không an toàn."
Khi nào người lái xe cần bật đèn chiếu sáng phía trước?,Trong những trường hợp nào người điều khiển phương tiện phải sử dụng đèn chiếu sáng?,"Khi lái xe, thời điểm nào yêu cầu phải bật đèn pha hoặc đèn cốt?",Người lái xe cần làm gì để đảm bảo tầm nhìn khi di chuyển trong điều kiện thời tiết xấu hoặc ban đêm?,20,2,"Người điều khiển phương tiện phải bật đèn chiếu sáng phía trước từ 18 giờ hôm trước đến 06 giờ hôm sau hoặc khi có sương mù, khói, bụi, trời mưa hay thời tiết xấu làm hạn chế tầm nhìn."
"Khi gặp người đi bộ qua đường, người lái xe cần sử dụng đèn như thế nào?",Người điều khiển phương tiện nên điều chỉnh đèn ra sao khi gặp người sang đường?,"Trong tình huống gặp người đi bộ, việc sử dụng đèn chiếu sáng cần tuân thủ quy định gì?","Khi có người băng qua đường, tài xế cần làm gì với hệ thống đèn xe để đảm bảo an toàn?",20,2,"Khi gặp người đi bộ qua đường, người lái xe phải tắt đèn chiếu xa và bật đèn chiếu gần để không gây chói mắt, đảm bảo an toàn cho người qua đường."
Người lái xe cần sử dụng đèn ra sao khi đi qua khu vực đông dân cư vào ban đêm?,"Khi lái xe trong khu vực dân cư có đèn đường hoạt động, tài xế nên dùng đèn thế nào?","Trong khu đông dân cư, người lái xe cần điều chỉnh đèn ra sao để không gây ảnh hưởng đến người khác?",Có quy định gì về việc sử dụng đèn khi di chuyển qua các khu dân cư có hệ thống chiếu sáng?,20,2,"Khi đi qua khu vực đông dân cư có hệ thống chiếu sáng đang hoạt động, người điều khiển phương tiện phải tắt đèn chiếu xa và sử dụng đèn chiếu gần để tránh gây lóa cho người khác."
"Khi vi phạm giao thông, điểm trên giấy phép lái xe bị trừ như thế nào?",Mức điểm bị trừ khi vi phạm giao thông được tính ra sao?,Người vi phạm giao thông sẽ bị trừ bao nhiêu điểm?,Điểm trên giấy phép lái xe bị giảm như thế nào khi vi phạm?,58,4,"Số điểm trừ mỗi lần vi phạm tùy thuộc vào tính chất, mức độ của hành vi vi phạm. Dữ liệu về điểm trừ sẽ được cập nhật ngay sau khi quyết định xử phạt có hiệu lực và người vi phạm sẽ được thông báo."
Khi nào giấy phép lái xe được phục hồi đủ 12 điểm?,Bao lâu thì người lái xe được khôi phục toàn bộ điểm trên giấy phép?,Điều kiện để phục hồi đủ điểm giấy phép lái xe là gì?,Làm sao để được hoàn lại 12 điểm trên giấy phép lái xe?,58,4,"Nếu giấy phép lái xe chưa bị trừ hết điểm và không bị trừ điểm nào trong vòng 12 tháng kể từ lần trừ điểm gần nhất, người lái xe sẽ được phục hồi đủ 12 điểm."
Điều gì xảy ra khi giấy phép lái xe bị trừ hết điểm?,Người lái xe bị trừ hết điểm sẽ bị xử lý như thế nào?,Hậu quả khi giấy phép lái xe bị trừ sạch điểm là gì?,"Khi không còn điểm trên giấy phép lái xe, người lái xe phải làm gì?",58,4,"Người có giấy phép lái xe bị trừ hết điểm không được điều khiển phương tiện. Sau ít nhất 06 tháng kể từ ngày bị trừ hết điểm, người đó phải tham gia kiểm tra kiến thức pháp luật về giao thông. Nếu đạt yêu cầu, họ sẽ được phục hồi đủ 12 điểm."
"Sau khi đổi, cấp lại hoặc nâng hạng, điểm trên giấy phép lái xe có thay đổi không?","Khi đổi giấy phép lái xe, điểm số có được giữ lại không?",Việc nâng hạng giấy phép lái xe có ảnh hưởng đến số điểm không?,Điểm số trên giấy phép lái xe có bị mất sau khi cấp lại không?,58,4,"Sau khi đổi, cấp lại hoặc nâng hạng, giấy phép lái xe vẫn giữ nguyên số điểm như trước đó."
Ai có thẩm quyền trừ điểm giấy phép lái xe?,Cơ quan nào được phép trừ điểm trên giấy phép lái xe?,Những ai có quyền trừ điểm giấy phép lái xe?,Ai chịu trách nhiệm xử lý và trừ điểm người vi phạm giao thông?,58,4,Người có thẩm quyền xử phạt vi phạm hành chính có thẩm quyền trừ điểm giấy phép lái xe.
Chính phủ có vai trò gì trong việc quy định trừ điểm giấy phép lái xe?,Ai quy định chi tiết về việc trừ và phục hồi điểm giấy phép lái xe?,Chính phủ điều chỉnh như thế nào về việc trừ điểm GPLX?,Ai chịu trách nhiệm ban hành lộ trình thực hiện quy định về điểm giấy phép lái xe?,58,4,"Chính phủ quy định chi tiết về việc trừ điểm, phục hồi điểm giấy phép lái xe, bao gồm trình tự, thủ tục và lộ trình thực hiện."
Bộ Công an đảm nhiệm vai trò gì trong việc phục hồi điểm giấy phép lái xe?,Ai chịu trách nhiệm tổ chức kiểm tra để phục hồi điểm GPLX?,Bộ Công an làm gì để hỗ trợ người bị trừ hết điểm GPLX?,Vai trò của Bộ Công an trong việc khôi phục điểm giấy phép lái xe là gì?,58,4,"Bộ trưởng Bộ Công an quy định chi tiết về việc phục hồi điểm giấy phép lái xe, bao gồm tổ chức kiểm tra và xác nhận kết quả đạt yêu cầu để phục hồi đủ 12 điểm."
Người lái xe gắn máy cần tối thiểu bao nhiêu tuổi?,Bao nhiêu tuổi thì được phép lái xe gắn máy?,Độ tuổi tối thiểu để điều khiển xe gắn máy là bao nhiêu?,Người lái xe gắn máy phải đủ bao nhiêu tuổi?,59,4,Người đủ 16 tuổi trở lên được phép điều khiển xe gắn máy.
Người đủ 18 tuổi trở lên được cấp các loại giấy phép lái xe nào?,Đủ 18 tuổi được thi và cấp giấy phép lái xe hạng nào?,Người từ 18 tuổi trở lên có thể lái xe thuộc hạng nào?,Những loại bằng lái xe nào được cấp cho người từ 18 tuổi?,59,4,"Người đủ 18 tuổi trở lên được cấp giấy phép lái xe hạng A1, A, B1, B, C1 và được cấp chứng chỉ bồi dưỡng kiến thức pháp luật về giao thông để lái xe máy chuyên dùng."
Độ tuổi tối thiểu để được cấp giấy phép lái xe hạng C và BE là bao nhiêu?,Bao nhiêu tuổi thì được lái xe hạng C hoặc BE?,Người lái xe hạng C và BE phải đủ mấy tuổi?,"Muốn thi bằng lái xe hạng C, BE cần đạt độ tuổi nào?",59,4,Người đủ 21 tuổi trở lên được cấp giấy phép lái xe hạng C và BE.
"Để lái xe hạng D1, D2, C1E, CE, người điều khiển phải đủ bao nhiêu tuổi?","Độ tuổi tối thiểu để lái xe hạng D1, D2, C1E, CE là bao nhiêu?","Muốn được cấp bằng lái xe hạng D1, D2, C1E, CE cần mấy tuổi?","Người lái xe hạng D1, D2, C1E, CE cần đáp ứng yêu cầu về tuổi ra sao?",59,4,"Người đủ 24 tuổi trở lên được cấp giấy phép lái xe hạng D1, D2, C1E, CE."
"Bao nhiêu tuổi thì được cấp giấy phép lái xe hạng D, D1E, D2E, DE?",Người lái xe hạng D và các hạng nâng cao cần đủ bao nhiêu tuổi?,"Để thi bằng lái xe hạng D, D1E, D2E, DE cần tối thiểu bao nhiêu tuổi?",Độ tuổi yêu cầu cho giấy phép lái xe hạng D và các hạng tương ứng là gì?,59,4,"Người đủ 27 tuổi trở lên được cấp giấy phép lái xe hạng D, D1E, D2E, DE."
Độ tuổi tối đa để lái xe chở người trên 29 chỗ hoặc xe giường nằm là bao nhiêu?,Người lái xe buýt trên 29 chỗ được lái đến bao nhiêu tuổi?,Tuổi giới hạn cho lái xe giường nằm là bao nhiêu?,Bao nhiêu tuổi thì không được lái xe khách lớn và xe giường nằm?,59,4,"Nam: Đủ 57 tuổi trở lên không được lái xe chở người trên 29 chỗ hoặc xe giường nằm.
Nữ: Đủ 55 tuổi trở lên không được lái xe chở người trên 29 chỗ hoặc xe giường nằm."
Ai quy định tiêu chuẩn và việc khám sức khỏe cho người lái xe?,Cơ quan nào ban hành quy định về sức khỏe người lái xe?,Ai chịu trách nhiệm quản lý và giám sát khám sức khỏe lái xe?,Việc khám sức khỏe lái xe do đơn vị nào quy định?,59,4,"Bộ trưởng Bộ Y tế quy định tiêu chuẩn sức khỏe, khám sức khỏe định kỳ cho người lái xe và xây dựng cơ sở dữ liệu về sức khỏe người lái."
Ai quy định độ tuổi lái xe trong lực lượng quân đội và công an?,"Độ tuổi lái xe trong quân đội, công an do ai quy định?","Ai xác định tuổi cho lái xe làm nhiệm vụ quốc phòng, an ninh?",Cơ quan nào quản lý tuổi lái xe trong lực lượng vũ trang?,59,4,"Bộ trưởng Bộ Quốc phòng và Bộ trưởng Bộ Công an quy định độ tuổi lái xe cho lực lượng quân đội, công an làm nhiệm vụ quốc phòng, an ninh."